{
  "params": {
    "n_agents": 80,
    "gamma_steps": [
      0.0,
      0.05,
      0.1,
      0.15,
      0.2,
      0.25,
      0.3,
      0.35,
      0.4,
      0.45,
      0.5,
      0.55,
      0.6,
      0.65,
      0.7,
      0.75,
      0.8,
      0.85,
      0.9,
      0.95,
      1.0
    ],
    "equilibration_steps": 2000,
    "measurement_window": 500,
    "n_runs": 30
  },
  "forward": {
    "0.0": {
      "gamma": 0.0,
      "dominance_mean": 0.6514375,
      "dominance_std": 0.12634920031507374,
      "n_eff_mean": 4.305,
      "n_eff_std": 1.0950003936387263,
      "entropy_mean": 0.9720682329804068,
      "entropy_std": 0.2682289235307398
    },
    "0.05": {
      "gamma": 0.05,
      "dominance_mean": 0.5581875000000001,
      "dominance_std": 0.13727541906284355,
      "n_eff_mean": 5.851666666666667,
      "n_eff_std": 1.029352268154116,
      "entropy_mean": 1.3317377150007643,
      "entropy_std": 0.27756184392834055
    },
    "0.1": {
      "gamma": 0.1,
      "dominance_mean": 0.6179791666666666,
      "dominance_std": 0.14336856095683367,
      "n_eff_mean": 6.263333333333334,
      "n_eff_std": 1.5639766585552826,
      "entropy_mean": 1.3384024175880316,
      "entropy_std": 0.3278365758799021
    },
    "0.15": {
      "gamma": 0.15,
      "dominance_mean": 0.6325416666666667,
      "dominance_std": 0.11747545751269109,
      "n_eff_mean": 7.126666666666667,
      "n_eff_std": 1.829911121514834,
      "entropy_mean": 1.4296792566599568,
      "entropy_std": 0.2845217206982391
    },
    "0.2": {
      "gamma": 0.2,
      "dominance_mean": 0.6421250000000001,
      "dominance_std": 0.12059653273165256,
      "n_eff_mean": 7.218333333333334,
      "n_eff_std": 1.878897481803208,
      "entropy_mean": 1.430809257354849,
      "entropy_std": 0.3180414592473865
    },
    "0.25": {
      "gamma": 0.25,
      "dominance_mean": 0.6245416666666667,
      "dominance_std": 0.11985892539617747,
      "n_eff_mean": 7.55,
      "n_eff_std": 1.9945615713908071,
      "entropy_mean": 1.4751713218134008,
      "entropy_std": 0.30439465817863076
    },
    "0.3": {
      "gamma": 0.3,
      "dominance_mean": 0.6201458333333333,
      "dominance_std": 0.10675913553805752,
      "n_eff_mean": 8.128333333333334,
      "n_eff_std": 1.759539679875811,
      "entropy_mean": 1.490545773619876,
      "entropy_std": 0.2548962121755468
    },
    "0.35": {
      "gamma": 0.35,
      "dominance_mean": 0.5910208333333333,
      "dominance_std": 0.12136830827523284,
      "n_eff_mean": 8.415,
      "n_eff_std": 1.7005653218248054,
      "entropy_mean": 1.5619248995515655,
      "entropy_std": 0.28387895632321836
    },
    "0.4": {
      "gamma": 0.4,
      "dominance_mean": 0.5620416666666667,
      "dominance_std": 0.11169563175119633,
      "n_eff_mean": 8.876666666666667,
      "n_eff_std": 1.780872187195487,
      "entropy_mean": 1.6325571854810639,
      "entropy_std": 0.26716031627651793
    },
    "0.45": {
      "gamma": 0.45,
      "dominance_mean": 0.5457083333333334,
      "dominance_std": 0.1627369569874656,
      "n_eff_mean": 8.791666666666666,
      "n_eff_std": 1.6581607661613458,
      "entropy_mean": 1.6210450791256605,
      "entropy_std": 0.3804697773423578
    },
    "0.5": {
      "gamma": 0.5,
      "dominance_mean": 0.5522291666666667,
      "dominance_std": 0.13399024541234678,
      "n_eff_mean": 8.546666666666667,
      "n_eff_std": 1.7045544130729404,
      "entropy_mean": 1.5949681286735728,
      "entropy_std": 0.3218515565900525
    },
    "0.55": {
      "gamma": 0.55,
      "dominance_mean": 0.556125,
      "dominance_std": 0.1307230184133745,
      "n_eff_mean": 8.341666666666667,
      "n_eff_std": 1.9703003155187622,
      "entropy_mean": 1.5739382580626693,
      "entropy_std": 0.34513727489774326
    },
    "0.6": {
      "gamma": 0.6,
      "dominance_mean": 0.5734583333333333,
      "dominance_std": 0.13911935667727499,
      "n_eff_mean": 7.691666666666666,
      "n_eff_std": 1.5409962817054055,
      "entropy_mean": 1.4786946837689343,
      "entropy_std": 0.32969380894647055
    },
    "0.65": {
      "gamma": 0.65,
      "dominance_mean": 0.6025833333333334,
      "dominance_std": 0.15222538634250998,
      "n_eff_mean": 7.381666666666667,
      "n_eff_std": 1.8610102620357307,
      "entropy_mean": 1.3874287075309841,
      "entropy_std": 0.35806600210710954
    },
    "0.7": {
      "gamma": 0.7,
      "dominance_mean": 0.6287708333333333,
      "dominance_std": 0.14320205568912742,
      "n_eff_mean": 6.7283333333333335,
      "n_eff_std": 1.6157993288971153,
      "entropy_mean": 1.2836526206184775,
      "entropy_std": 0.3586669771176364
    },
    "0.75": {
      "gamma": 0.75,
      "dominance_mean": 0.6698541666666666,
      "dominance_std": 0.16759331254189222,
      "n_eff_mean": 5.886666666666667,
      "n_eff_std": 1.8192426111326987,
      "entropy_mean": 1.1193347986638578,
      "entropy_std": 0.4166195105631946
    },
    "0.8": {
      "gamma": 0.8,
      "dominance_mean": 0.6908333333333333,
      "dominance_std": 0.157696778870375,
      "n_eff_mean": 5.346666666666667,
      "n_eff_std": 1.6806163346724368,
      "entropy_mean": 1.0430021798082036,
      "entropy_std": 0.39655867344362267
    },
    "0.85": {
      "gamma": 0.85,
      "dominance_mean": 0.7138125000000001,
      "dominance_std": 0.1753570364936772,
      "n_eff_mean": 4.831666666666667,
      "n_eff_std": 1.73942535761459,
      "entropy_mean": 0.9494827587402741,
      "entropy_std": 0.46520032837923114
    },
    "0.9": {
      "gamma": 0.9,
      "dominance_mean": 0.7671875,
      "dominance_std": 0.13754444324848056,
      "n_eff_mean": 4.101666666666667,
      "n_eff_std": 1.43541915861519,
      "entropy_mean": 0.785535091352821,
      "entropy_std": 0.36198481731504484
    },
    "0.95": {
      "gamma": 0.95,
      "dominance_mean": 0.7963125,
      "dominance_std": 0.14644754838808097,
      "n_eff_mean": 3.683333333333333,
      "n_eff_std": 1.473872060449859,
      "entropy_mean": 0.6747887677130301,
      "entropy_std": 0.37809329233583183
    },
    "1.0": {
      "gamma": 1.0,
      "dominance_mean": 0.81,
      "dominance_std": 0.130225993055309,
      "n_eff_mean": 3.425,
      "n_eff_std": 1.3638655763471808,
      "entropy_mean": 0.61756774646527,
      "entropy_std": 0.3295958819916502
    }
  },
  "reverse": {
    "0.0": {
      "gamma": 0.0,
      "dominance_mean": 0.1378125,
      "dominance_std": 0.06070787305855068,
      "n_eff_mean": 17.815,
      "n_eff_std": 2.2656029874079273,
      "entropy_mean": 3.2519319577133405,
      "entropy_std": 0.15648761343071788
    },
    "0.05": {
      "gamma": 0.05,
      "dominance_mean": 0.156375,
      "dominance_std": 0.0744482940797122,
      "n_eff_mean": 17.536666666666665,
      "n_eff_std": 2.450542984634269,
      "entropy_mean": 3.079004231896941,
      "entropy_std": 0.1913546285919373
    },
    "0.1": {
      "gamma": 0.1,
      "dominance_mean": 0.17827083333333332,
      "dominance_std": 0.07595684235237583,
      "n_eff_mean": 16.145,
      "n_eff_std": 2.278321750763048,
      "entropy_mean": 2.898985473945199,
      "entropy_std": 0.1885977307678125
    },
    "0.15": {
      "gamma": 0.15,
      "dominance_mean": 0.20681249999999998,
      "dominance_std": 0.07851726521918605,
      "n_eff_mean": 14.765,
      "n_eff_std": 1.7950194504757342,
      "entropy_mean": 2.687869312053708,
      "entropy_std": 0.16019475688649
    },
    "0.2": {
      "gamma": 0.2,
      "dominance_mean": 0.26247916666666665,
      "dominance_std": 0.08848026691247206,
      "n_eff_mean": 12.996666666666666,
      "n_eff_std": 1.6129290839603139,
      "entropy_mean": 2.4484146797028905,
      "entropy_std": 0.19500626876831118
    },
    "0.25": {
      "gamma": 0.25,
      "dominance_mean": 0.3401458333333333,
      "dominance_std": 0.12715996782551123,
      "n_eff_mean": 11.136666666666667,
      "n_eff_std": 1.607146396639051,